VPIO:IN20:111:VRAW_0,VPIO:IN20:111:VRAW_1
446827284.6896552,446942801.5862069
